id;first_name;last_name;gender;email;phone;address_line_1;address_line_2;city;country
1;Sherman;MacGyver;MALE;"sI@iDc.k.8VA";240.574.1041 x2086;knowledge base Buckinghamshire;Concrete Investment Account Saint Lucia;East Twilaton;Morocco
2;Effie;Powlowski;FEMALE;"D|Tr@Y`.3G+i";(482) 148-8538 x18339;contextually-based;synergies copying;Gutmanntown;Central African Republic
3;Johnathon;Lesch;OTHER;"~C@.z9K'.3ThMw#";557-430-9292;Moroccan Dirham;capability zero tolerance Computers;Westonport;Iran
4;Amelie;Bartoletti;MALE;"$@KBfsk.^[w";(495) 256-0732 x278;Point Orchestrator;Solomon Islands Licensed;Corwinborough;Lithuania
5;Chyna;Powlowski;OTHER;"XjMU@KI,vu*.$";1-823-601-9633 x598;Forint;Concrete Global SMS;East Magdalena;Chile
6;Reanna;Wunsch;MALE;"T%/""@&S.x9O";(613) 237-7888 x84786;Unbranded Cheese Dynamic;Alabama transform;Ondrickashire;Albania
7;Ed;Crooks;FEMALE;"KTp-I@]0c.K";1-024-317-3678 x7635;Sleek turn-key;Ergonomic;Watsonshire;Hong Kong
8;Jeanne;Toy;FEMALE;"kTi1M@Bo%T.h2v1";1-425-076-0199 x4929;out-of-the-box Automotive Tactics;Venezuela Wisconsin;Stehrton;France
9;Elmo;Hoppe;FEMALE;"H@vG.o&r";986.950.0266;intuitive Open-architected system-worthy;program;Bridiechester;Pitcairn Islands
10;Floy;Lueilwitz;MALE;"rxO@q*E:h!.fG~lV";(505) 671-6073;Unbranded Fresh Pants Tools California;North Dakota Garden;East Karen;Wallis and Futuna
